date,vnd_per_cad,open,high,low,change_pct,year,month
2022-11-25,18508.0,18623.38,18641.99,18485.07,-0.59,2022,11
2022-11-28,18346.79,18488.53,18499.57,18347.4,-0.87,2022,11
2022-11-29,18222.65,18356.92,18452.78,18143.19,-0.68,2022,11
2022-11-30,18365.52,18234.71,18378.76,18145.99,0.78,2022,11
2022-12-01,18238.67,18377.39,18388.36,18193.29,-0.69,2022,12
2022-12-02,18074.52,18246.11,18260.38,18019.45,-0.9,2022,12
2022-12-05,17642.73,18095.06,18203.89,17634.3,-2.39,2022,12
2022-12-06,17560.05,17656.37,17752.81,17547.71,-0.47,2022,12
2022-12-07,17505.31,17577.27,17609.94,17438.17,-0.31,2022,12
2022-12-08,17490.44,17524.9,17554.66,17391.14,-0.08,2022,12
2022-12-09,17247.69,17508.83,17544.31,17218.71,-1.39,2022,12
2022-12-12,17361.98,17289.43,17407.11,17202.3,0.66,2022,12
2022-12-13,17413.12,17380.31,17472.82,17294.99,0.29,2022,12
2022-12-14,17355.37,17433.49,17446.38,17294.73,-0.33,2022,12
2022-12-15,17201.0,17376.38,17405.41,17202.93,-0.89,2022,12
2022-12-16,17206.65,17226.86,17319.2,17211.11,0.03,2022,12
2022-12-19,17370.27,17256.38,17408.7,17241.26,0.95,2022,12
2022-12-20,17431.87,17372.36,17499.73,17349.66,0.35,2022,12
2022-12-21,17409.83,17454.09,17482.34,17392.36,-0.13,2022,12
2022-12-22,17310.09,17432.04,17467.91,17280.44,-0.57,2022,12
2022-12-23,17320.98,17329.81,17394.29,17280.29,0.06,2022,12
2022-12-26,17362.18,17327.9,17406.27,17320.27,0.24,2022,12
2022-12-27,17436.96,17377.7,17502.88,17373.13,0.43,2022,12
2022-12-28,17354.89,17445.3,17527.54,17363.36,-0.47,2022,12
2022-12-29,17416.97,17365.91,17448.47,17360.63,0.36,2022,12
2022-12-30,17420.5,17434.31,17489.92,17378.24,0.02,2022,12
2023-01-02,17390.98,17441.52,17476.34,17397.23,-0.17,2023,1
2023-01-03,17198.13,17412.61,17437.66,17196.41,-1.11,2023,1
2023-01-04,17440.65,17215.28,17458.9,17202.06,1.41,2023,1
2023-01-05,17295.37,17455.66,17466.04,17272.83,-0.83,2023,1
2023-01-06,17447.57,17300.19,17473.2,17174.01,0.88,2023,1
2023-01-09,17513.44,17457.61,17558.49,17449.16,0.38,2023,1
2023-01-10,17461.09,17519.79,17537.99,17438.84,-0.3,2023,1
2023-01-11,17458.66,17465.46,17491.04,17435.77,-0.01,2023,1
2023-01-12,17535.54,17462.38,17567.54,17420.03,0.44,2023,1
2023-01-13,17488.81,17541.25,17597.87,17439.18,-0.27,2023,1
2023-01-16,17485.83,17494.49,17553.64,17464.04,-0.02,2023,1
2023-01-17,17493.28,17492.17,17528.43,17436.47,0.04,2023,1
2023-01-18,17367.17,17503.55,17558.05,17362.52,-0.72,2023,1
2023-01-19,17409.39,17376.03,17440.13,17337.45,0.24,2023,1
2023-01-20,17514.76,17419.4,17535.98,17371.66,0.61,2023,1
2023-01-23,17531.79,17518.96,17577.39,17475.88,0.1,2023,1
2023-01-24,17526.54,17537.96,17571.47,17480.43,-0.03,2023,1
2023-01-25,17501.68,17536.64,17579.37,17461.56,-0.14,2023,1
2023-01-26,17594.96,17509.8,17628.27,17487.61,0.53,2023,1
2023-01-27,17621.87,17595.86,17645.4,17568.75,0.15,2023,1
2023-01-30,17530.62,17628.17,17646.06,17529.22,-0.52,2023,1
2023-01-31,17618.55,17532.49,17632.35,17403.97,0.5,2023,1
2023-02-01,17635.99,17623.07,17678.11,17525.51,0.1,2023,2
2023-02-02,17609.64,17648.83,17684.82,17567.52,-0.15,2023,2
2023-02-03,17491.23,17607.74,17637.13,17464.81,-0.67,2023,2
2023-02-06,17458.55,17512.41,17541.05,17424.13,-0.19,2023,2
2023-02-07,17611.94,17464.3,17646.4,17457.81,0.88,2023,2
2023-02-08,17539.03,17620.06,17665.77,17540.14,-0.41,2023,2
2023-02-09,17508.92,17550.59,17626.38,17505.29,-0.17,2023,2
2023-02-10,17659.62,17521.56,17675.72,17499.26,0.86,2023,2
2023-02-13,17695.37,17663.8,17715.49,17612.41,0.2,2023,2
2023-02-14,17692.48,17705.53,17787.32,17629.93,-0.02,2023,2
2023-02-15,17627.08,17702.63,17708.57,17576.82,-0.37,2023,2
2023-02-16,17592.87,17642.45,17732.34,17585.31,-0.19,2023,2
2023-02-17,17671.07,17619.3,17688.99,17569.51,0.44,2023,2
2023-02-20,17632.85,17675.21,17691.56,17580.05,-0.22,2023,2
2023-02-21,17502.22,17645.31,17663.41,17505.54,-0.74,2023,2
2023-02-22,17545.93,17519.76,17612.02,17514.59,0.25,2023,2
2023-02-23,17574.35,17563.94,17651.52,17544.63,0.16,2023,2
2023-02-24,17467.31,17593.86,17625.65,17411.19,-0.61,2023,2
2023-02-27,17530.75,17480.26,17600.12,17467.43,0.36,2023,2
2023-02-28,17393.22,17544.38,17557.31,17407.23,-0.78,2023,2
2023-03-01,17437.67,17416.8,17477.87,17375.22,0.26,2023,3
2023-03-02,17429.03,17452.55,17468.62,17384.62,-0.05,2023,3
2023-03-03,17437.67,17445.67,17502.03,17386.69,0.05,2023,3
2023-03-06,17369.27,17450.63,17461.65,17362.44,-0.39,2023,3
2023-03-07,17183.98,17380.93,17400.73,17185.01,-1.07,2023,3
2023-03-08,17174.94,17196.88,17268.2,17167.88,-0.05,2023,3
2023-03-09,17120.96,17187.16,17232.22,17122.53,-0.31,2023,3
2023-03-10,17106.5,17135.53,17204.42,17082.06,-0.08,2023,3
2023-03-13,17169.29,17132.21,17246.74,17088.68,0.37,2023,3
2023-03-14,17219.46,17184.54,17277.13,17139.32,0.29,2023,3
2023-03-15,17115.78,17234.2,17277.92,17065.98,-0.6,2023,3
2023-03-16,17169.51,17132.95,17191.09,17096.96,0.31,2023,3
2023-03-17,17164.29,17180.44,17247.94,17125.85,-0.03,2023,3
2023-03-20,17244.66,17187.62,17276.49,17152.78,0.47,2023,3
2023-03-21,17186.82,17260.05,17286.63,17167.09,-0.34,2023,3
2023-03-22,17121.84,17196.51,17226.23,17114.07,-0.38,2023,3
2023-03-23,17124.74,17136.51,17241.38,17110.82,0.02,2023,3
2023-03-24,17100.67,17132.03,17146.36,17040.31,-0.14,2023,3
2023-03-27,17202.25,17120.3,17227.74,17102.54,0.59,2023,3
2023-03-28,17262.17,17210.71,17287.18,17154.02,0.35,2023,3
2023-03-29,17316.91,17273.83,17328.77,17245.55,0.32,2023,3
2023-03-30,17351.77,17325.56,17372.64,17285.88,0.2,2023,3
2023-03-31,17348.52,17363.01,17390.98,17296.35,-0.02,2023,3
2023-04-03,17464.1,17358.98,17512.39,17344.41,0.67,2023,4
2023-04-04,17451.46,17477.21,17507.18,17423.35,-0.07,2023,4
2023-04-05,17434.43,17458.34,17488.55,17396.63,-0.1,2023,4
2023-04-06,17380.12,17434.99,17452.49,17362.85,-0.31,2023,4
2023-04-07,17350.31,17382.15,17396.27,17327.71,-0.17,2023,4
2023-04-10,17346.26,17338.61,17386.82,17298.69,-0.02,2023,4
2023-04-11,17405.35,17355.66,17420.05,17346.04,0.34,2023,4
2023-04-12,17439.37,17411.64,17461.93,17379.73,0.2,2023,4
2023-04-13,17572.53,17443.73,17584.85,17434.01,0.76,2023,4
2023-04-14,17537.03,17579.57,17627.71,17502.05,-0.2,2023,4
2023-04-17,17532.66,17548.55,17601.47,17502.43,-0.02,2023,4
2023-04-18,17551.52,17537.05,17599.09,17529.85,0.11,2023,4
2023-04-19,17464.72,17562.93,17568.83,17457.4,-0.49,2023,4
2023-04-20,17424.33,17468.43,17507.79,17411.61,-0.23,2023,4
2023-04-21,17342.34,17432.93,17436.81,17320.95,-0.47,2023,4
2023-04-24,17347.71,17349.09,17375.76,17305.16,0.03,2023,4
2023-04-25,17222.83,17352.66,17373.83,17198.7,-0.72,2023,4
2023-04-26,17204.34,17225.2,17262.94,17194.65,-0.11,2023,4
2023-04-27,17246.58,17215.46,17260.92,17193.86,0.25,2023,4
2023-04-28,17301.17,17255.21,17335.89,17166.59,0.32,2023,4
2023-05-01,17311.38,17324.38,17343.58,17273.37,0.06,2023,5
2023-05-02,17207.22,17322.46,17346.15,17204.97,-0.6,2023,5
2023-05-03,17222.39,17221.39,17277.18,17202.45,0.09,2023,5
2023-05-04,17314.08,17230.88,17348.45,17207.86,0.53,2023,5
2023-05-05,17523.92,17323.46,17536.74,17315.14,1.21,2023,5
2023-05-08,17526.17,17518.4,17611.63,17512.51,0.01,2023,5
2023-05-09,17519.23,17535.9,17556.01,17503.27,-0.04,2023,5
2023-05-10,17545.24,17530.07,17602.84,17496.55,0.15,2023,5
2023-05-11,17390.5,17556.1,17565.95,17386.83,-0.88,2023,5
2023-05-12,17303.72,17391.98,17408.31,17293.23,-0.5,2023,5
2023-05-15,17416.29,17296.42,17430.62,17290.05,0.65,2023,5
2023-05-16,17388.4,17423.5,17497.29,17380.51,-0.16,2023,5
2023-05-17,17428.47,17395.41,17456.18,17323.27,0.23,2023,5
2023-05-18,17365.23,17439.96,17441.26,17342.53,-0.36,2023,5
2023-05-19,17375.2,17372.71,17460.46,17353.69,0.06,2023,5
2023-05-22,17351.2,17386.47,17405.17,17338.76,-0.14,2023,5
2023-05-23,17378.75,17357.47,17413.23,17326.57,0.16,2023,5
2023-05-24,17259.89,17381.01,17419.98,17252.15,-0.68,2023,5
2023-05-25,17205.48,17264.84,17279.45,17202.85,-0.32,2023,5
2023-05-26,17239.48,17209.78,17266.54,17190.88,0.2,2023,5
2023-05-29,17265.1,17263.37,17281.43,17241.19,0.15,2023,5
2023-05-30,17258.36,17269.35,17314.71,17249.54,-0.04,2023,5
2023-05-31,17298.91,17269.65,17314.0,17206.85,0.23,2023,5
2023-06-01,17457.07,17309.54,17480.93,17286.64,0.91,2023,6
2023-06-02,17483.43,17459.49,17515.38,17453.82,0.15,2023,6
2023-06-05,17472.3,17482.51,17515.74,17455.25,-0.06,2023,6
2023-06-06,17516.97,17474.72,17539.86,17460.14,0.26,2023,6
2023-06-07,17560.19,17523.31,17631.85,17488.92,0.25,2023,6
2023-06-08,17588.92,17565.26,17621.03,17547.98,0.16,2023,6
2023-06-09,17587.11,17591.35,17637.56,17560.12,-0.01,2023,6
2023-06-12,17563.02,17600.54,17641.21,17547.63,-0.14,2023,6
2023-06-13,17640.21,17567.31,17690.34,17560.46,0.44,2023,6
2023-06-14,17634.7,17648.49,17713.44,17604.0,-0.03,2023,6
2023-06-15,17786.93,17645.63,17817.4,17589.62,0.86,2023,6
2023-06-16,17818.18,17802.57,17856.88,17766.32,0.18,2023,6
2023-06-19,17802.0,17820.36,17850.18,17775.93,-0.09,2023,6
2023-06-20,17768.38,17804.98,17817.12,17728.51,-0.19,2023,6
2023-06-21,17852.8,17777.4,17868.81,17754.96,0.48,2023,6
2023-06-22,17879.41,17863.38,17903.35,17848.21,0.15,2023,6
2023-06-23,17833.31,17887.02,17899.95,17785.59,-0.26,2023,6
2023-06-26,17885.38,17844.28,17920.9,17840.89,0.29,2023,6
2023-06-27,17826.28,17897.06,17946.32,17834.54,-0.33,2023,6
2023-06-28,17763.95,17836.56,17840.63,17745.52,-0.35,2023,6
2023-06-29,17779.87,17771.62,17805.27,17732.8,0.09,2023,6
2023-06-30,17805.89,17788.47,17858.63,17753.11,0.15,2023,6
2023-07-03,17877.62,17810.09,17922.07,17759.55,0.4,2023,7
2023-07-04,17919.25,17894.34,17958.72,17846.1,0.23,2023,7
2023-07-05,17874.89,17928.17,17980.42,17868.96,-0.25,2023,7
2023-07-06,17735.06,17886.46,17901.65,17736.57,-0.78,2023,7
2023-07-07,17804.14,17743.87,17828.21,17669.91,0.39,2023,7
2023-07-10,17799.86,17818.8,17829.43,17754.63,-0.02,2023,7
2023-07-11,17903.57,17810.62,17914.51,17803.35,0.58,2023,7
2023-07-12,17939.19,17912.48,18012.18,17885.61,0.2,2023,7
2023-07-13,18049.73,17956.84,18069.07,17906.94,0.62,2023,7
2023-07-14,17878.49,18050.47,18068.86,17873.75,-0.95,2023,7
2023-07-17,17900.16,17890.65,17963.53,17861.6,0.12,2023,7
2023-07-18,17944.73,17911.81,17956.56,17851.48,0.25,2023,7
2023-07-19,17949.11,17954.51,17970.36,17916.55,0.02,2023,7
2023-07-20,17948.39,17955.35,18044.93,17925.43,0.0,2023,7
2023-07-21,17887.33,17953.32,17986.78,17885.09,-0.34,2023,7
2023-07-24,17968.87,17895.23,18004.49,17883.55,0.46,2023,7
2023-07-25,17958.55,17982.61,18033.82,17913.11,-0.06,2023,7
2023-07-26,17913.1,17969.55,17975.93,17882.78,-0.25,2023,7
2023-07-27,17891.12,17925.43,17987.46,17869.3,-0.12,2023,7
2023-07-28,17868.73,17892.95,17949.39,17876.28,-0.13,2023,7
2023-07-31,17952.99,17906.67,18012.63,17860.24,0.47,2023,7
2023-08-01,17827.3,17959.37,17968.9,17810.03,-0.7,2023,8
2023-08-02,17776.36,17840.2,17871.79,17774.91,-0.29,2023,8
2023-08-03,17776.95,17780.89,17826.46,17758.8,0.0,2023,8
2023-08-04,17739.64,17793.09,17821.07,17717.5,-0.21,2023,8
2023-08-07,17739.88,17749.11,17768.63,17696.68,0.0,2023,8
2023-08-08,17681.25,17750.02,17756.66,17581.28,-0.33,2023,8
2023-08-09,17684.97,17684.74,17713.51,17642.23,0.02,2023,8
2023-08-10,17650.56,17693.74,17759.13,17654.82,-0.19,2023,8
2023-08-11,17668.5,17660.07,17716.14,17626.6,0.1,2023,8
2023-08-14,17687.91,17683.18,17730.23,17618.43,0.11,2023,8
2023-08-15,17751.85,17699.28,17831.24,17686.14,0.36,2023,8
2023-08-16,17682.48,17760.58,17790.84,17676.8,-0.39,2023,8
2023-08-17,17605.37,17688.56,17710.1,17608.0,-0.44,2023,8
2023-08-18,17568.27,17617.74,17647.28,17545.67,-0.21,2023,8
2023-08-21,17572.16,17581.28,17649.13,17532.3,0.02,2023,8
2023-08-22,17651.83,17583.98,17713.23,17570.36,0.45,2023,8
2023-08-23,17731.2,17664.21,17748.44,17636.9,0.45,2023,8
2023-08-24,17664.16,17740.56,17762.52,17666.76,-0.38,2023,8
2023-08-25,17654.32,17681.72,17713.09,17618.95,-0.06,2023,8
2023-08-28,17705.88,17670.11,17756.73,17630.19,0.29,2023,8
2023-08-29,17837.12,17717.57,17853.06,17707.8,0.74,2023,8
2023-08-30,17813.08,17845.81,17858.36,17770.4,-0.13,2023,8
2023-08-31,17807.71,17831.15,17846.97,17754.91,-0.03,2023,8
2023-09-01,17693.78,17830.18,17855.29,17691.35,-0.64,2023,9
2023-09-04,17698.98,17711.52,17742.83,17701.76,0.03,2023,9
2023-09-05,17626.8,17719.98,17733.17,17612.62,-0.41,2023,9
2023-09-06,17639.51,17641.03,17673.51,17580.69,0.07,2023,9
2023-09-07,17581.29,17643.18,17656.35,17574.47,-0.33,2023,9
2023-09-08,17631.75,17591.18,17679.59,17575.07,0.29,2023,9
2023-09-11,17733.5,17648.46,17761.8,17637.46,0.58,2023,9
2023-09-12,17776.79,17745.45,17806.9,17715.54,0.24,2023,9
2023-09-13,17823.94,17790.48,17872.86,17765.24,0.27,2023,9
2023-09-14,17928.79,17827.37,17958.13,17825.4,0.59,2023,9
2023-09-15,17932.41,17936.19,17978.73,17907.09,0.02,2023,9
2023-09-18,18066.57,17944.16,18103.2,17933.46,0.75,2023,9
2023-09-19,18120.31,18081.71,18224.29,18074.35,0.3,2023,9
2023-09-20,18025.85,18133.48,18141.57,18020.63,-0.52,2023,9
2023-09-21,18028.77,18043.38,18072.06,17972.37,0.02,2023,9
2023-09-22,18061.84,18045.26,18157.95,18033.4,0.18,2023,9
2023-09-25,18119.66,18089.21,18134.18,18036.25,0.32,2023,9
2023-09-26,18033.88,18129.46,18143.33,18023.57,-0.47,2023,9
2023-09-27,18062.96,18040.24,18097.99,18011.75,0.16,2023,9
2023-09-28,18076.35,18076.76,18122.85,18046.62,0.07,2023,9
2023-09-29,17881.87,18088.81,18115.76,17890.4,-1.08,2023,9
2023-10-02,17796.3,17907.54,17955.75,17802.71,-0.48,2023,10
2023-10-03,17787.58,17809.22,17829.94,17758.61,-0.05,2023,10
2023-10-04,17765.17,17795.53,17847.62,17731.57,-0.13,2023,10
2023-10-05,17785.23,17777.38,17814.66,17697.28,0.11,2023,10
2023-10-06,17826.56,17798.53,17872.98,17739.71,0.23,2023,10
2023-10-09,17929.66,17827.9,17955.89,17817.46,0.58,2023,10
2023-10-10,17953.63,17942.68,17991.16,17919.01,0.13,2023,10
2023-10-11,17975.88,17965.99,18005.09,17941.64,0.12,2023,10
2023-10-12,17844.88,17985.88,18013.78,17840.46,-0.73,2023,10
2023-10-13,17890.34,17856.1,17934.14,17847.37,0.25,2023,10
2023-10-16,17970.76,17889.54,17989.05,17889.54,0.45,2023,10
2023-10-17,17941.39,17981.78,17991.48,17877.99,-0.16,2023,10
2023-10-18,17901.14,17950.7,18044.29,17911.43,-0.22,2023,10
2023-10-19,17892.28,17917.31,17958.19,17838.15,-0.05,2023,10
2023-10-20,17875.63,17905.82,17952.38,17845.82,-0.09,2023,10
2023-10-23,17958.08,17898.04,18000.22,17853.37,0.46,2023,10
2023-10-24,17866.24,17971.95,17999.71,17854.03,-0.51,2023,10
2023-10-25,17800.97,17880.03,17897.13,17793.14,-0.37,2023,10
2023-10-26,17777.62,17813.13,17848.21,17771.76,-0.13,2023,10
2023-10-27,17709.38,17789.75,17819.13,17707.02,-0.38,2023,10
2023-10-30,17760.9,17726.18,17786.79,17707.59,0.29,2023,10
2023-10-31,17700.9,17769.42,17786.43,17682.1,-0.34,2023,10
2023-11-01,17740.66,17706.95,17768.51,17689.73,0.22,2023,11
2023-11-02,17879.49,17747.99,17893.41,17742.58,0.78,2023,11
2023-11-03,17950.22,17889.51,17971.07,17844.94,0.4,2023,11
2023-11-06,17761.48,17948.72,17998.31,17764.89,-1.05,2023,11
2023-11-07,17656.89,17771.38,17792.09,17647.18,-0.59,2023,11
2023-11-08,17667.1,17669.06,17711.36,17641.07,0.06,2023,11
2023-11-09,17626.19,17673.07,17714.89,17622.58,-0.23,2023,11
2023-11-10,17615.74,17631.51,17666.03,17555.57,-0.06,2023,11
2023-11-13,17659.88,17626.18,17701.07,17606.4,0.25,2023,11
2023-11-14,17785.16,17664.53,17809.78,17602.03,0.71,2023,11
2023-11-15,17750.66,17797.41,17810.94,17708.87,-0.19,2023,11
2023-11-16,17652.45,17761.33,17763.28,17629.91,-0.55,2023,11
2023-11-17,17672.35,17659.4,17701.99,17610.64,0.11,2023,11
2023-11-20,17606.35,17694.24,17697.47,17584.82,-0.37,2023,11
2023-11-21,17610.57,17618.13,17646.2,17560.73,0.02,2023,11
2023-11-22,17682.08,17619.15,17694.55,17589.16,0.41,2023,11
2023-11-23,17694.72,17689.38,17757.23,17655.44,0.07,2023,11
2023-11-24,17787.23,17706.66,17858.46,17656.07,0.52,2023,11
2023-11-27,17791.32,17802.79,17818.47,17734.96,0.02,2023,11
2023-11-28,17848.99,17797.36,17877.43,17793.44,0.32,2023,11
2023-11-29,17851.36,17861.62,17915.69,17824.62,0.01,2023,11
2023-11-30,17880.84,17863.98,17902.74,17801.59,0.17,2023,11
2023-12-01,17993.93,17887.56,18018.69,17877.02,0.63,2023,12
2023-12-04,17912.54,17992.01,18028.04,17883.21,-0.45,2023,12
2023-12-05,17850.52,17918.88,17922.86,17851.57,-0.35,2023,12
2023-12-06,17855.09,17856.17,17920.72,17851.57,0.03,2023,12
2023-12-07,17849.26,17860.09,17878.52,17827.91,-0.03,2023,12
2023-12-08,17820.62,17856.09,17889.64,17801.78,-0.16,2023,12
2023-12-11,17862.4,17835.85,17903.54,17780.72,0.23,2023,12
2023-12-12,17848.73,17870.56,17920.87,17819.38,-0.08,2023,12
2023-12-13,17956.51,17858.72,17993.92,17837.05,0.6,2023,12
2023-12-14,18082.49,17965.96,18108.35,17955.23,0.7,2023,12
2023-12-15,18128.83,18086.73,18184.88,18077.29,0.26,2023,12
2023-12-18,18168.93,18163.79,18248.55,18111.14,0.22,2023,12
2023-12-19,18260.22,18181.82,18270.64,18162.14,0.5,2023,12
2023-12-20,18197.11,18268.59,18290.07,18189.65,-0.35,2023,12
2023-12-21,18307.74,18208.68,18327.69,18204.59,0.61,2023,12
2023-12-22,18254.75,18318.03,18346.2,18242.36,-0.29,2023,12
2023-12-25,18284.03,18278.44,18300.09,18181.13,0.16,2023,12
2023-12-26,18433.62,18288.46,18443.99,18267.56,0.82,2023,12
2023-12-27,18427.83,18434.21,18492.04,18410.29,-0.03,2023,12
2023-12-28,18314.06,18443.37,18469.61,18320.55,-0.62,2023,12
2023-12-29,18309.43,18330.94,18417.76,18294.89,-0.03,2023,12
2024-01-01,18323.26,18320.44,18339.13,18311.46,0.08,2024,1
2024-01-02,18256.53,18332.89,18392.11,18248.97,-0.36,2024,1
2024-01-03,18249.21,18264.04,18306.19,18231.37,-0.04,2024,1
2024-01-04,18241.73,18254.29,18315.63,18231.47,-0.04,2024,1
2024-01-05,18232.83,18256.05,18349.46,18194.03,-0.05,2024,1
2024-01-08,18226.08,18266.28,18270.38,18159.78,-0.04,2024,1
2024-01-09,18189.96,18238.69,18272.22,18164.88,-0.2,2024,1
2024-01-10,18237.18,18198.79,18272.29,18188.27,0.26,2024,1
2024-01-11,18271.74,18251.12,18343.88,18216.3,0.19,2024,1
2024-01-12,18258.41,18283.63,18366.13,18270.27,-0.07,2024,1
2024-01-15,18221.76,18275.72,18298.22,18201.43,-0.2,2024,1
2024-01-16,18149.49,18231.24,18241.7,18150.49,-0.4,2024,1
2024-01-17,18162.3,18175.08,18214.53,18120.06,0.07,2024,1
2024-01-18,18197.66,18168.36,18221.94,18149.52,0.19,2024,1
2024-01-19,18271.16,18211.48,18285.42,18177.14,0.4,2024,1
2024-01-22,18213.52,18269.09,18312.96,18217.89,-0.32,2024,1
2024-01-23,18247.66,18224.65,18260.52,18186.54,0.19,2024,1
2024-01-24,18187.2,18255.09,18326.02,18189.21,-0.33,2024,1
2024-01-25,18258.39,18197.96,18275.47,18176.95,0.39,2024,1
2024-01-26,18280.81,18265.3,18343.46,18253.12,0.12,2024,1
2024-01-29,18281.41,18284.84,18301.51,18222.99,0.0,2024,1
2024-01-30,18206.58,18287.51,18312.06,18151.4,-0.41,2024,1
2024-01-31,18172.68,18219.13,18286.29,18163.23,-0.19,2024,1
2024-02-01,18225.28,18178.1,18262.07,18125.1,0.29,2024,2
2024-02-02,18074.12,18234.79,18263.08,18067.82,-0.83,2024,2
2024-02-05,17994.54,18082.58,18126.13,18001.11,-0.44,2024,2
2024-02-06,18050.1,18007.76,18084.68,17992.92,0.31,2024,2
2024-02-07,18122.4,18059.88,18158.21,18057.87,0.4,2024,2
2024-02-08,18125.09,18142.99,18163.23,18099.97,0.01,2024,2
2024-02-09,18127.79,18142.31,18210.63,18115.41,0.01,2024,2
2024-02-12,18137.22,18145.69,18188.26,18124.14,0.05,2024,2
2024-02-13,17984.82,18158.51,18175.39,17976.09,-0.84,2024,2
2024-02-14,18015.36,18007.89,18052.48,17993.96,0.17,2024,2
2024-02-15,18155.49,18035.15,18170.85,18013.37,0.78,2024,2
2024-02-16,18173.06,18166.12,18215.39,18112.88,0.1,2024,2
2024-02-19,18182.49,18187.21,18220.29,18169.01,0.05,2024,2
2024-02-20,18131.75,18188.05,18213.2,18132.44,-0.28,2024,2
2024-02-21,18158.6,18141.82,18183.51,18115.91,0.15,2024,2
2024-02-22,18239.13,18167.35,18311.02,18161.96,0.44,2024,2
2024-02-23,18234.99,18248.4,18305.41,18226.21,-0.02,2024,2
2024-02-26,18254.5,18248.47,18290.02,18223.51,0.11,2024,2
2024-02-27,18202.99,18261.9,18276.46,18193.57,-0.28,2024,2
2024-02-28,18129.6,18210.38,18217.1,18100.98,-0.4,2024,2
2024-02-29,18141.66,18136.96,18205.31,18126.33,0.07,2024,2
2024-03-01,18169.75,18153.71,18203.63,18125.35,0.15,2024,3
2024-03-04,18178.87,18184.16,18222.06,18165.1,0.05,2024,3
2024-03-05,18159.75,18186.24,18224.57,18147.58,-0.11,2024,3
2024-03-06,18251.44,18174.96,18284.19,18140.16,0.5,2024,3
2024-03-07,18334.45,18256.46,18352.79,18221.31,0.45,2024,3
2024-03-08,18276.22,18344.61,18373.21,18264.32,-0.32,2024,3
2024-03-11,18268.45,18290.73,18302.28,18236.91,-0.04,2024,3
2024-03-12,18266.38,18279.07,18323.55,18225.34,-0.01,2024,3
2024-03-13,18318.49,18273.29,18338.54,18257.94,0.29,2024,3
2024-03-14,18242.94,18320.84,18352.71,18238.88,-0.41,2024,3
2024-03-15,18245.59,18252.36,18298.91,18236.86,0.01,2024,3
2024-03-18,18260.07,18257.69,18284.71,18232.84,0.08,2024,3
2024-03-19,18235.42,18271.51,18273.54,18178.48,-0.13,2024,3
2024-03-20,18360.01,18243.47,18388.85,18205.21,0.68,2024,3
2024-03-21,18314.49,18373.17,18427.02,18304.66,-0.25,2024,3
2024-03-22,18198.38,18319.54,18343.01,18192.5,-0.63,2024,3
2024-03-25,18205.9,18207.21,18255.08,18192.5,0.04,2024,3
2024-03-26,18232.0,18217.29,18285.8,18213.26,0.14,2024,3
2024-03-27,18267.25,18241.38,18280.01,18214.22,0.19,2024,3
2024-03-28,18306.01,18274.62,18334.07,18200.52,0.21,2024,3
2024-03-29,18319.43,18311.05,18338.13,18291.98,0.07,2024,3
2024-04-01,18267.88,18318.57,18360.59,18255.08,-0.28,2024,4
2024-04-02,18350.65,18279.29,18395.43,18264.98,0.45,2024,4
2024-04-03,18477.46,18363.06,18511.53,18352.24,0.69,2024,4
2024-04-04,18409.01,18488.95,18516.07,18398.35,-0.37,2024,4
2024-04-05,18357.74,18422.8,18430.58,18290.72,-0.28,2024,4
2024-04-08,18389.45,18370.13,18397.39,18320.78,0.17,2024,4
2024-04-09,18381.11,18392.64,18421.73,18349.27,-0.05,2024,4
2024-04-10,18222.01,18387.12,18406.3,18202.71,-0.87,2024,4
2024-04-11,18246.9,18238.65,18293.62,18205.0,0.14,2024,4
2024-04-12,18157.07,18255.54,18266.04,18149.19,-0.49,2024,4
2024-04-15,18259.61,18166.31,18358.36,18149.52,0.56,2024,4
2024-04-16,18277.78,18273.14,18361.35,18237.43,0.1,2024,4
2024-04-17,18439.2,18288.32,18464.95,18285.68,0.88,2024,4
2024-04-18,18447.24,18446.18,18488.47,18432.13,0.04,2024,4
2024-04-19,18491.06,18452.88,18542.54,18412.09,0.24,2024,4
2024-04-22,18577.58,18496.04,18602.95,18496.04,0.47,2024,4
2024-04-23,18616.9,18583.27,18634.2,18552.01,0.21,2024,4
2024-04-24,18534.33,18622.61,18639.23,18514.21,-0.44,2024,4
2024-04-25,18560.55,18557.46,18581.79,18467.81,0.14,2024,4
2024-04-26,18525.56,18573.31,18589.23,18504.05,-0.19,2024,4
2024-04-29,18539.12,18539.24,18593.65,18529.76,0.07,2024,4
2024-04-30,18381.71,18551.46,18557.57,18385.93,-0.85,2024,4
2024-05-01,18432.54,18397.94,18496.63,18386.6,0.28,2024,5
2024-05-02,18566.73,18447.48,18586.54,18441.95,0.73,2024,5
2024-05-03,18556.4,18581.09,18674.46,18560.58,-0.06,2024,5
2024-05-06,18560.25,18570.07,18597.49,18529.68,0.02,2024,5
2024-05-07,18502.33,18578.44,18590.19,18490.09,-0.31,2024,5
2024-05-08,18528.64,18512.99,18542.21,18466.4,0.14,2024,5
2024-05-09,18597.85,18534.11,18611.5,18512.99,0.37,2024,5
2024-05-10,18611.96,18606.05,18670.23,18576.38,0.08,2024,5
2024-05-13,18622.33,18618.35,18636.48,18585.37,0.06,2024,5
2024-05-14,18643.32,18624.06,18674.13,18593.65,0.11,2024,5
2024-05-15,18702.68,18652.23,18728.15,18630.14,0.32,2024,5
2024-05-16,18673.18,18712.32,18730.22,18648.71,-0.16,2024,5
2024-05-17,18693.9,18682.26,18712.5,18650.79,0.11,2024,5
2024-05-20,18676.25,18696.01,18723.8,18666.81,-0.09,2024,5
2024-05-21,18644.55,18683.26,18703.49,18617.34,-0.17,2024,5
2024-05-22,18590.93,18647.34,18690.5,18588.27,-0.29,2024,5
2024-05-23,18547.19,18595.06,18651.46,18530.01,-0.24,2024,5
2024-05-24,18631.11,18550.93,18664.18,18533.48,0.45,2024,5
2024-05-27,18660.16,18636.18,18675.94,18618.1,0.16,2024,5
2024-05-28,18645.96,18671.14,18705.76,18640.06,-0.08,2024,5
2024-05-29,18550.91,18653.04,18659.88,18554.36,-0.51,2024,5
2024-05-30,18602.44,18557.73,18637.9,18532.32,0.28,2024,5
2024-05-31,18664.71,18607.93,18688.5,18595.02,0.33,2024,5
2024-06-03,18657.47,18674.79,18707.04,18608.49,-0.04,2024,6
2024-06-04,18571.85,18667.04,18678.0,18551.1,-0.46,2024,6
2024-06-05,18555.16,18581.61,18604.78,18499.19,-0.09,2024,6
2024-06-06,18592.74,18563.35,18609.8,18545.32,0.2,2024,6
2024-06-07,18451.26,18599.59,18612.73,18454.5,-0.76,2024,6
2024-06-10,18467.52,18473.29,18489.15,18444.1,0.09,2024,6
2024-06-11,18483.4,18476.32,18507.68,18445.95,0.09,2024,6
2024-06-12,18530.53,18491.54,18599.68,18480.95,0.25,2024,6
2024-06-13,18506.26,18540.04,18552.89,18482.8,-0.13,2024,6
2024-06-14,18527.96,18510.37,18544.42,18471.76,0.12,2024,6
2024-06-17,18541.45,18532.28,18553.21,18485.77,0.07,2024,6
2024-06-18,18547.27,18547.8,18568.78,18499.0,0.03,2024,6
2024-06-19,18563.09,18554.09,18582.54,18541.87,0.09,2024,6
2024-06-20,18588.85,18568.3,18606.1,18539.93,0.14,2024,6
2024-06-21,18579.35,18597.94,18613.38,18556.38,-0.05,2024,6
2024-06-24,18636.06,18587.54,18652.29,18565.96,0.31,2024,6
2024-06-25,18636.06,18642.04,18680.76,18608.39,0.0,2024,6
2024-06-26,18583.52,18641.78,18653.82,18576.48,-0.28,2024,6
2024-06-27,18577.58,18586.65,18615.88,18570.38,-0.03,2024,6
2024-06-28,18597.43,18580.76,18642.89,18525.66,0.11,2024,6
2024-07-01,18526.61,18609.5,18629.93,18513.46,-0.38,2024,7
2024-07-02,18602.44,18531.65,18625.84,18500.35,0.41,2024,7
2024-07-03,18658.36,18609.49,18693.54,18594.87,0.3,2024,7
2024-07-04,18691.25,18663.39,18707.29,18656.57,0.18,2024,7
2024-07-05,18626.4,18697.66,18710.72,18614.38,-0.35,2024,7
2024-07-08,18636.8,18632.8,18669.78,18621.83,0.06,2024,7
2024-07-09,18633.96,18642.51,18663.62,18621.09,-0.02,2024,7
2024-07-10,18657.32,18640.37,18679.72,18627.23,0.13,2024,7
2024-07-11,18646.77,18661.89,18713.57,18629.94,-0.06,2024,7
2024-07-12,18637.23,18650.44,18684.61,18632.02,-0.05,2024,7
2024-07-15,18533.95,18642.27,18645.0,18531.78,-0.55,2024,7
2024-07-16,18555.76,18539.9,18589.19,18513.38,0.12,2024,7
2024-07-17,18497.0,18561.46,18569.6,18481.36,-0.32,2024,7
2024-07-18,18462.32,18509.04,18551.01,18452.99,-0.19,2024,7
2024-07-19,18429.67,18471.16,18514.04,18419.53,-0.18,2024,7
2024-07-22,18406.13,18449.04,18479.33,18390.68,-0.13,2024,7
2024-07-23,18393.18,18421.44,18445.27,18397.77,-0.07,2024,7
2024-07-24,18356.26,18401.11,18428.15,18353.54,-0.2,2024,7
2024-07-25,18289.33,18364.84,18375.89,18264.2,-0.36,2024,7
2024-07-26,18280.35,18296.57,18346.73,18277.98,-0.05,2024,7
2024-07-29,18242.51,18299.78,18332.49,18235.26,-0.21,2024,7
2024-07-30,18246.46,18253.03,18273.93,18235.26,0.02,2024,7
2024-07-31,18274.31,18258.29,18312.54,18218.24,0.15,2024,7
2024-08-01,18171.66,18286.02,18295.9,18159.89,-0.56,2024,8
2024-08-02,18167.08,18179.53,18240.2,18157.77,-0.03,2024,8
2024-08-05,18139.74,18179.36,18195.76,17982.36,-0.15,2024,8
2024-08-06,18228.64,18153.71,18275.66,18140.28,0.49,2024,8
2024-08-07,18282.58,18237.22,18341.17,18216.45,0.3,2024,8
2024-08-08,18299.96,18289.18,18326.17,18264.63,0.1,2024,8
2024-08-09,18271.19,18310.52,18330.18,18254.87,-0.16,2024,8
2024-08-12,18277.07,18284.78,18320.15,18253.15,0.03,2024,8
2024-08-13,18324.09,18284.35,18332.72,18253.59,0.26,2024,8
2024-08-14,18237.48,18333.39,18335.4,18239.11,-0.47,2024,8
2024-08-15,18233.79,18250.41,18300.15,18228.46,-0.02,2024,8
2024-08-16,18307.39,18241.08,18322.73,18232.3,0.4,2024,8
2024-08-19,18305.83,18299.32,18346.76,18246.75,-0.01,2024,8
2024-08-20,18287.58,18315.67,18326.18,18264.79,-0.1,2024,8
2024-08-21,18336.28,18298.95,18372.69,18284.21,0.27,2024,8
2024-08-22,18330.03,18344.98,18398.46,18327.32,-0.03,2024,8
2024-08-23,18480.27,18340.55,18505.28,18329.05,0.82,2024,8
2024-08-26,18431.2,18494.32,18504.6,18392.72,-0.27,2024,8
2024-08-27,18459.02,18441.15,18471.96,18398.22,0.15,2024,8
2024-08-28,18437.06,18465.78,18506.95,18433.54,-0.12,2024,8
2024-08-29,18442.71,18447.21,18501.45,18427.79,0.03,2024,8
2024-08-30,18421.64,18451.5,18475.28,18411.61,-0.11,2024,8
2024-09-02,18420.27,18441.63,18453.27,18417.06,-0.01,2024,9
2024-09-03,18344.16,18435.49,18438.9,18339.66,-0.41,2024,9
2024-09-04,18399.35,18353.2,18416.98,18325.35,0.3,2024,9
2024-09-05,18313.09,18406.76,18412.21,18290.03,-0.47,2024,9
2024-09-06,18117.54,18319.82,18334.2,18120.59,-1.07,2024,9
2024-09-09,18201.93,18138.61,18231.82,18126.59,0.47,2024,9
2024-09-10,18116.37,18215.01,18219.71,18117.73,-0.47,2024,9
2024-09-11,18082.05,18127.04,18137.04,18030.69,-0.19,2024,9
2024-09-12,18093.8,18096.44,18124.89,18068.8,0.06,2024,9
2024-09-13,18055.35,18103.67,18128.09,18046.46,-0.21,2024,9
2024-09-16,18052.69,18059.08,18142.15,18035.86,-0.01,2024,9
2024-09-17,18105.6,18069.72,18141.98,18053.11,0.29,2024,9
2024-09-18,18081.59,18119.3,18186.19,18075.39,-0.13,2024,9
2024-09-19,18115.78,18101.96,18182.82,18042.28,0.19,2024,9
2024-09-20,18119.52,18128.86,18174.43,18075.53,0.02,2024,9
2024-09-23,18176.78,18142.61,18255.97,18084.19,0.32,2024,9
2024-09-24,18307.03,18185.18,18321.61,18178.79,0.72,2024,9
2024-09-25,18223.61,18318.2,18335.95,18234.72,-0.46,2024,9
2024-09-26,18280.73,18238.11,18299.03,18227.86,0.31,2024,9
2024-09-27,18189.22,18288.15,18289.52,18191.9,-0.5,2024,9
2024-09-30,18153.93,18210.07,18226.93,18144.55,-0.19,2024,9
2024-10-01,18230.67,18162.66,18256.0,18145.21,0.42,2024,10
2024-10-02,18256.68,18242.47,18309.03,18230.98,0.14,2024,10
2024-10-03,18253.91,18267.66,18327.54,18226.88,-0.02,2024,10
2024-10-04,18231.7,18264.66,18283.14,18223.29,-0.12,2024,10
2024-10-07,18237.89,18256.19,18312.4,18220.8,0.03,2024,10
2024-10-08,18195.47,18249.57,18262.3,18166.2,-0.23,2024,10
2024-10-09,18109.55,18204.8,18212.8,18101.31,-0.47,2024,10
2024-10-10,18068.69,18111.88,18144.68,18034.34,-0.23,2024,10
2024-10-11,18022.96,18082.24,18084.45,18005.73,-0.25,2024,10
2024-10-14,18005.22,18038.45,18047.09,17996.38,-0.1,2024,10
2024-10-15,18093.06,18012.46,18113.15,17990.51,0.49,2024,10
2024-10-16,18154.72,18104.61,18175.87,18066.7,0.34,2024,10
2024-10-17,18251.67,18169.27,18296.36,18161.99,0.53,2024,10
2024-10-18,18222.0,18261.22,18325.85,18213.73,-0.16,2024,10
2024-10-21,18280.08,18232.87,18321.69,18220.98,0.32,2024,10
2024-10-22,18373.25,18293.88,18392.76,18284.63,0.51,2024,10
2024-10-23,18356.58,18384.77,18403.34,18328.71,-0.09,2024,10
2024-10-24,18320.58,18361.15,18412.96,18312.9,-0.2,2024,10
2024-10-25,18250.2,18332.73,18361.01,18253.11,-0.38,2024,10
2024-10-28,18246.94,18262.96,18301.2,18227.89,-0.02,2024,10
2024-10-29,18176.92,18249.54,18260.71,18168.12,-0.38,2024,10
2024-10-30,18181.82,18189.01,18247.44,18143.02,0.03,2024,10
2024-10-31,18135.5,18191.95,18218.4,18126.41,-0.25,2024,10
2024-11-01,18114.07,18145.93,18200.46,18123.21,-0.12,2024,11
2024-11-04,18204.7,18144.65,18249.96,18143.36,0.5,2024,11
2024-11-05,18317.91,18213.21,18336.05,18191.63,0.62,2024,11
2024-11-06,18199.43,18331.4,18337.38,18184.75,-0.65,2024,11
2024-11-07,18287.4,18210.84,18325.99,18197.79,0.48,2024,11
2024-11-08,18159.6,18298.89,18304.16,18144.95,-0.7,2024,11
2024-11-11,18175.94,18172.34,18205.34,18139.71,0.09,2024,11
2024-11-12,18170.08,18190.31,18206.96,18145.9,-0.03,2024,11
2024-11-13,18095.44,18179.21,18192.59,18098.4,-0.41,2024,11
2024-11-14,18057.04,18107.46,18148.71,18059.65,-0.21,2024,11
2024-11-15,18008.94,18071.22,18093.71,17998.79,-0.27,2024,11
2024-11-18,18127.01,18018.6,18149.69,17990.63,0.66,2024,11
2024-11-19,18191.26,18135.44,18206.25,18093.34,0.35,2024,11
2024-11-20,18180.84,18201.69,18217.99,18140.63,-0.06,2024,11
2024-11-21,18183.44,18191.9,18250.18,18181.72,0.01,2024,11
2024-11-22,18180.97,18195.97,18215.2,18134.01,-0.01,2024,11
2024-11-25,18165.57,18182.4,18252.26,18146.13,-0.08,2024,11
2024-11-26,18074.13,18174.02,18182.47,17927.92,-0.5,2024,11
2024-11-27,18083.67,18084.46,18121.14,18045.19,0.05,2024,11
2024-11-28,18094.76,18094.02,18132.1,18060.96,0.06,2024,11
2024-11-29,18098.98,18106.12,18156.15,18044.07,0.02,2024,11
2024-12-02,18058.5,18095.6,18123.41,18010.01,-0.22,2024,12
2024-12-03,18047.76,18062.56,18134.77,18035.72,-0.06,2024,12
2024-12-04,18047.46,18057.43,18083.48,18013.0,0.0,2024,12
2024-12-05,18091.1,18055.21,18123.42,18010.09,0.24,2024,12
2024-12-06,17917.67,18098.88,18116.41,17922.06,-0.96,2024,12
2024-12-09,17901.5,17932.19,18009.58,17899.54,-0.09,2024,12
2024-12-10,17878.04,17911.09,17920.1,17867.71,-0.13,2024,12
2024-12-11,17923.73,17891.03,17982.22,17879.16,0.26,2024,12
2024-12-12,17856.69,17933.96,17972.47,17848.69,-0.37,2024,12
2024-12-13,17844.6,17858.1,17880.14,17825.92,-0.07,2024,12
2024-12-16,17822.79,17851.25,17870.08,17796.7,-0.12,2024,12
2024-12-17,17769.55,17831.69,17844.22,17758.54,-0.3,2024,12
2024-12-18,17611.43,17777.78,17795.72,17616.53,-0.89,2024,12
2024-12-19,17674.84,17618.36,17751.95,17593.39,0.36,2024,12
2024-12-20,17703.33,17683.52,17757.23,17632.04,0.16,2024,12
2024-12-23,17699.85,17725.71,17745.03,17631.37,-0.02,2024,12
2024-12-24,17699.27,17709.89,17731.93,17640.94,0.0,2024,12
2024-12-25,17694.56,17720.2,17722.66,17679.38,-0.03,2024,12
2024-12-26,17646.45,17702.75,17734.65,17636.86,-0.27,2024,12
2024-12-27,17655.43,17654.0,17708.45,17615.31,0.05,2024,12
2024-12-30,17744.65,17658.08,17767.01,17655.02,0.51,2024,12
2024-12-31,17712.9,17746.6,17780.61,17685.02,-0.18,2024,12
2025-01-01,17711.66,17719.46,17723.77,17711.45,-0.01,2025,1
2025-01-02,17668.7,17715.76,17737.33,17625.57,-0.24,2025,1
2025-01-03,17580.29,17675.76,17702.58,17577.52,-0.5,2025,1
2025-01-06,17701.65,17598.81,17774.36,17590.29,0.69,2025,1
2025-01-07,17645.42,17709.24,17754.51,17651.15,-0.32,2025,1
2025-01-08,17645.01,17660.37,17705.26,17613.89,0.0,2025,1
2025-01-09,17627.65,17657.39,17671.85,17620.01,-0.1,2025,1
2025-01-10,17583.03,17634.7,17649.93,17563.78,-0.25,2025,1
2025-01-13,17656.47,17583.87,17669.56,17572.9,0.42,2025,1
2025-01-14,17685.18,17672.03,17709.61,17617.88,0.16,2025,1
2025-01-15,17691.56,17694.62,17749.88,17667.57,0.04,2025,1
2025-01-16,17622.95,17697.91,17725.1,17618.37,-0.39,2025,1
2025-01-17,17481.53,17630.0,17638.57,17485.33,-0.8,2025,1
2025-01-20,17690.43,17514.35,17757.09,17483.52,1.19,2025,1
2025-01-21,17634.74,17703.09,17722.29,17443.94,-0.31,2025,1
2025-01-22,17421.24,17643.57,17651.58,17432.69,-1.21,2025,1
2025-01-23,17434.83,17455.73,17532.36,17373.63,0.08,2025,1
2025-01-24,17467.07,17472.63,17547.32,17442.93,0.18,2025,1
2025-01-27,17434.26,17484.06,17498.7,17413.65,-0.19,2025,1
2025-01-28,17400.36,17449.38,17456.06,17390.71,-0.19,2025,1
2025-01-29,17376.23,17416.67,17427.56,17329.41,-0.14,2025,1
2025-01-30,17291.11,17391.91,17426.96,17183.97,-0.49,2025,1
2025-01-31,17247.08,17307.89,17450.61,17224.69,-0.25,2025,1
2025-02-03,17519.06,17074.0,17583.49,16918.5,1.58,2025,2
2025-02-04,17563.7,17535.36,17606.55,17377.96,0.25,2025,2
2025-02-05,17569.17,17581.96,17642.02,17528.62,0.03,2025,2
2025-02-06,17653.23,17585.32,17670.71,17545.79,0.48,2025,2
2025-02-07,17691.5,17659.6,17733.4,17641.13,0.22,2025,2
2025-02-10,17727.18,17703.63,17749.04,17599.01,0.2,2025,2
2025-02-11,17865.64,17734.16,17887.04,17703.87,0.78,2025,2
2025-02-12,17855.89,17876.39,17934.69,17823.4,-0.05,2025,2
2025-02-13,17925.59,17873.25,17955.22,17800.85,0.39,2025,2
2025-02-14,17881.31,17941.31,17960.61,17889.1,-0.25,2025,2
2025-02-17,17953.06,17903.61,17978.04,17890.99,0.4,2025,2
2025-02-18,17956.48,17967.56,18029.54,17906.82,0.02,2025,2
2025-02-19,17921.61,17972.47,18028.62,17913.18,-0.19,2025,2
2025-02-20,17984.34,17925.13,18014.97,17913.3,0.35,2025,2
2025-02-21,17933.22,18000.99,18028.16,17928.01,-0.28,2025,2
2025-02-24,17858.5,17951.34,18003.95,17850.51,-0.42,2025,2
2025-02-25,17824.96,17859.9,17928.74,17829.38,-0.19,2025,2
2025-02-26,17809.32,17838.56,17874.38,17777.23,-0.09,2025,2
2025-02-27,17674.35,17818.78,17839.19,17670.67,-0.76,2025,2
2025-02-28,17648.28,17680.46,17747.77,17657.63,-0.15,2025,2
2025-03-03,17657.42,17664.95,17813.27,17600.14,0.05,2025,3
2025-03-04,17742.27,17671.84,17786.44,17574.87,0.48,2025,3
2025-03-05,17770.5,17753.7,17798.33,17667.64,0.16,2025,3
2025-03-06,17825.42,17785.3,17912.44,17739.47,0.31,2025,3
2025-03-07,17716.59,17842.28,17875.9,17678.04,-0.61,2025,3
2025-03-10,17675.37,17737.06,17800.88,17638.02,-0.23,2025,3
2025-03-11,17627.1,17679.54,17714.79,17538.3,-0.27,2025,3
2025-03-12,17707.03,17644.01,17739.07,17579.04,0.45,2025,3
2025-03-13,17647.47,17716.86,17757.71,17650.93,-0.34,2025,3
2025-03-14,17745.3,17668.65,17774.29,17641.76,0.55,2025,3
2025-03-17,17850.4,17739.7,17885.04,17719.27,0.59,2025,3
2025-03-18,17836.67,17866.27,17890.68,17822.86,-0.08,2025,3
2025-03-19,17820.5,17849.03,17859.64,17800.78,-0.09,2025,3
2025-03-20,17827.48,17831.21,17859.14,17746.92,0.04,2025,3
2025-03-21,17829.27,17842.31,17875.97,17812.79,0.01,2025,3
2025-03-24,17887.31,17843.21,17944.5,17808.3,0.33,2025,3
2025-03-25,17925.92,17905.03,17953.12,17880.14,0.22,2025,3
2025-03-26,17909.45,17941.8,17969.5,17882.99,-0.09,2025,3
2025-03-27,17866.63,17923.11,17968.59,17847.79,-0.24,2025,3
2025-03-28,17842.18,17877.74,17915.31,17836.96,-0.14,2025,3
2025-03-31,17768.28,17870.87,17886.49,17771.07,-0.41,2025,3
2025-04-01,17912.33,17784.65,17929.09,17757.52,0.81,2025,4
2025-04-02,17986.37,17915.93,18013.78,17838.88,0.41,2025,4
2025-04-03,18290.78,18003.03,18397.32,17898.05,1.69,2025,4
2025-04-04,18125.57,18311.81,18363.29,18091.94,-0.9,2025,4
2025-04-07,18089.96,18132.63,18197.21,18044.48,-0.2,2025,4
2025-04-08,18220.37,18107.81,18401.34,18105.27,0.72,2025,4
2025-04-09,18430.95,18247.15,18466.68,18231.18,1.16,2025,4
2025-04-10,18405.43,18452.91,18469.14,18276.14,-0.14,2025,4
2025-04-11,18545.36,18426.61,18612.93,18385.07,0.76,2025,4
2025-04-14,18605.19,18569.32,18677.78,18530.51,0.32,2025,4
2025-04-15,18478.18,18622.26,18706.81,18469.9,-0.68,2025,4
2025-04-16,18633.67,18502.99,18653.92,18484.86,0.84,2025,4
2025-04-17,18669.7,18645.17,18709.1,18601.47,0.19,2025,4
2025-04-18,18719.76,18683.43,18757.46,18660.72,0.27,2025,4
2025-04-21,18687.52,18745.94,18797.77,18693.6,-0.17,2025,4
2025-04-22,18792.76,18705.76,18812.16,18692.82,0.56,2025,4
2025-04-23,18725.02,18792.07,18847.03,18693.38,-0.36,2025,4
2025-04-24,18792.82,18724.35,18829.05,18710.68,0.36,2025,4
2025-04-25,18779.28,18792.82,18805.59,18722.69,-0.07,2025,4
2025-04-28,18799.71,18770.98,18818.76,18685.14,0.11,2025,4
2025-04-29,18798.57,18799.04,18826.73,18725.17,-0.01,2025,4
2025-04-30,18845.57,18798.57,18886.63,18766.69,0.25,2025,4
2025-05-01,18770.07,18848.3,18866.76,18757.21,-0.4,2025,5
2025-05-02,18816.25,18770.76,18900.36,18764.66,0.25,2025,5
2025-05-05,18775.09,18850.37,18858.97,18768.3,-0.22,2025,5
2025-05-06,18842.8,18780.53,18883.23,18745.66,0.36,2025,5
2025-05-07,18761.06,18839.38,18865.4,18758.36,-0.43,2025,5
2025-05-08,18645.24,18761.06,18808.71,18633.2,-0.62,2025,5
2025-05-09,18639.29,18644.57,18686.82,18623.35,-0.03,2025,5
2025-05-12,18583.23,18648.02,18701.69,18528.88,-0.3,2025,5
2025-05-13,18629.09,18583.9,18636.45,18520.78,0.25,2025,5
2025-05-14,18543.95,18629.76,18658.11,18537.98,-0.46,2025,5
2025-05-15,18589.04,18556.55,18598.45,18523.27,0.24,2025,5
2025-05-16,18561.1,18589.04,18621.88,18519.99,-0.15,2025,5
2025-05-19,18598.37,18555.12,18647.29,18540.14,0.2,2025,5
2025-05-20,18661.97,18598.36,18672.71,18571.48,0.34,2025,5
2025-05-21,18739.54,18659.96,18802.62,18653.94,0.42,2025,5
2025-05-22,18746.12,18738.87,18764.45,18700.95,0.04,2025,5
2025-05-23,18890.06,18746.13,18932.78,18735.3,0.77,2025,5
2025-05-26,18863.97,18925.88,18954.63,18858.48,-0.14,2025,5
2025-05-27,18767.88,18863.98,18904.38,18730.58,-0.51,2025,5
2025-05-28,18769.2,18769.24,18808.62,18742.78,0.01,2025,5
2025-05-29,18847.09,18770.56,18880.59,18733.99,0.41,2025,5
2025-05-30,18937.81,18847.1,18975.1,18762.88,0.48,2025,5
2025-06-02,18979.19,18940.57,19026.29,18928.18,0.22,2025,6
2025-06-03,18989.84,18979.19,19018.26,18931.4,0.06,2025,6
2025-06-04,19070.74,18989.84,19107.06,18967.97,0.43,2025,6
2025-06-05,19071.73,19069.35,19125.69,19051.97,0.01,2025,6
2025-06-06,19027.94,19070.34,19103.03,19009.2,-0.23,2025,6
2025-06-09,19008.43,19016.83,19079.45,18997.34,-0.1,2025,6
2025-06-10,19028.9,19009.82,19032.38,18962.82,0.11,2025,6
2025-06-11,19036.82,19029.6,19070.99,19001.68,0.04,2025,6
2025-06-12,19141.7,19038.21,19147.34,19021.51,0.55,2025,6
2025-06-13,19194.67,19134.68,19221.55,19078.52,0.28,2025,6
2025-06-16,19203.82,19177.73,19249.21,19164.79,0.05,2025,6
2025-06-17,19064.73,19204.54,19240.73,19044.54,-0.72,2025,6
2025-06-18,19056.37,19068.91,19145.13,19045.58,-0.04,2025,6
2025-06-19,19070.84,19059.85,19080.59,19005.64,0.08,2025,6
2025-06-20,19024.69,19066.66,19099.18,19005.31,-0.24,2025,6
2025-06-23,19088.37,19019.15,19101.58,18969.96,0.33,2025,6
2025-06-24,19067.4,19087.66,19133.62,19036.38,-0.11,2025,6
2025-06-25,19055.78,19066.01,19085.48,19014.21,-0.06,2025,6
2025-06-26,19146.76,19058.55,19181.9,19029.22,0.48,2025,6
2025-06-27,19072.51,19144.65,19162.39,18964.39,-0.39,2025,6
2025-06-30,19193.55,19067.64,19207.66,19026.32,0.63,2025,6
2025-07-01,19149.18,19192.85,19232.19,19116.95,-0.23,2025,7
2025-07-02,19260.36,19148.47,19267.44,19119.31,0.58,2025,7
2025-07-03,19290.24,19258.94,19328.64,19225.85,0.16,2025,7
2025-07-04,19245.05,19289.53,19344.85,19216.14,-0.23,2025,7
2025-07-07,19108.35,19242.93,19260.13,19099.95,-0.71,2025,7
2025-07-08,19131.8,19108.35,19165.02,19082.91,0.12,2025,7
2025-07-09,19099.78,19124.8,19140.12,19064.26,-0.17,2025,7
2025-07-10,19123.8,19100.47,19127.3,19048.47,0.13,2025,7
2025-07-11,19074.91,19122.4,19131.23,19017.26,-0.26,2025,7
2025-07-14,19061.0,19067.25,19119.64,19035.28,-0.07,2025,7
2025-07-15,19045.8,19072.82,19120.34,19035.39,-0.08,2025,7
2025-07-16,19118.62,19044.41,19124.21,19016.46,0.38,2025,7
2025-07-17,19022.0,19117.91,19120.71,18989.55,-0.51,2025,7
2025-07-18,19062.2,19022.0,19103.26,19014.45,0.21,2025,7
2025-07-21,19115.66,19069.84,19124.74,19032.0,0.28,2025,7
2025-07-22,19216.5,19108.68,19222.15,19081.38,0.53,2025,7
2025-07-23,19232.89,19219.32,19269.02,19184.37,0.09,2025,7
2025-07-24,19162.67,19235.02,19245.21,19137.41,-0.37,2025,7
2025-07-25,19081.16,19161.96,19168.36,19047.79,-0.43,2025,7
2025-07-28,19070.51,19090.21,19124.08,19048.21,-0.06,2025,7
2025-07-29,19044.34,19071.2,19119.74,19017.22,-0.14,2025,7
2025-07-30,18948.19,19045.03,19082.39,18924.24,-0.5,2025,7
2025-07-31,18909.42,18949.55,18985.81,18900.15,-0.2,2025,7
2025-08-01,19017.23,18909.42,19051.78,18878.06,0.57,2025,8
2025-08-04,18998.07,19014.46,19056.88,18978.82,-0.1,2025,8
2025-08-05,19059.03,18999.46,19064.56,18976.29,0.32,2025,8
2025-08-06,19085.91,19058.34,19094.26,19010.16,0.14,2025,8
2025-08-07,19073.09,19084.53,19113.83,19030.86,-0.07,2025,8
2025-08-08,19062.34,19070.31,19113.4,19042.87,-0.06,2025,8
2025-08-11,19038.39,19060.96,19088.13,19014.24,-0.13,2025,8
2025-08-12,19074.24,19037.02,19101.29,19014.4,0.19,2025,8
2025-08-13,19106.8,19076.32,19131.41,19038.03,0.17,2025,8
2025-08-14,19009.88,19108.19,19136.05,19003.7,-0.51,2025,8
2025-08-15,19009.38,19010.57,19084.14,18997.22,0.0,2025,8
2025-08-18,19053.83,19015.56,19082.87,18998.45,0.23,2025,8
2025-08-19,18979.63,19052.45,19072.99,18974.85,-0.39,2025,8
2025-08-20,19021.2,18978.27,19050.71,18947.01,0.22,2025,8
2025-08-21,19000.47,19021.2,19064.57,18965.24,-0.11,2025,8
2025-08-22,19057.61,19001.15,19075.54,18907.1,0.3,2025,8
2025-08-25,18979.07,19061.05,19073.82,18972.23,-0.41,2025,8
2025-08-26,19051.92,18979.07,19075.36,18972.01,0.38,2025,8
2025-08-27,19129.11,19052.61,19141.61,18996.94,0.41,2025,8
2025-08-28,19183.21,19129.12,19195.78,19104.72,0.28,2025,8
2025-08-29,19166.97,19183.91,19195.48,19117.6,-0.08,2025,8
2025-09-01,19158.61,19177.44,19185.81,19141.21,-0.04,2025,9
2025-09-02,19114.13,19159.3,19167.67,19067.78,-0.23,2025,9
2025-09-03,19130.38,19116.9,19146.36,19065.07,0.09,2025,9
2025-09-04,19097.59,19129.01,19133.86,19058.29,-0.17,2025,9
2025-09-05,19089.63,19098.29,19188.14,19053.12,-0.04,2025,9
2025-09-08,19136.46,19095.16,19158.66,19053.57,0.25,2025,9
2025-09-09,19062.67,19134.38,19155.2,19037.92,-0.39,2025,9
2025-09-10,19040.58,19061.29,19086.02,19018.87,-0.12,2025,9
2025-09-11,19087.3,19037.84,19097.65,18997.88,0.25,2025,9
2025-09-12,19062.24,19087.99,19095.45,19029.46,-0.13,2025,9
2025-09-15,19150.1,19052.61,19167.48,19040.95,0.46,2025,9
2025-09-16,19202.63,19152.88,19211.03,19130.76,0.27,2025,9
2025-09-17,19149.1,19201.23,19224.0,19127.57,-0.28,2025,9
2025-09-18,19125.12,19148.4,19174.87,19096.05,-0.13,2025,9
2025-09-19,19144.12,19125.8,19162.88,19074.45,0.1,2025,9
2025-09-22,19116.79,19138.56,19163.02,19094.52,-0.14,2025,9
2025-09-23,19096.5,19118.18,19130.37,19062.24,-0.11,2025,9
2025-09-24,19011.27,19096.5,19103.37,18995.54,-0.45,2025,9
2025-09-25,18941.21,19011.95,19031.33,18926.96,-0.37,2025,9
2025-09-26,18942.08,18943.94,18966.13,18912.22,0.0,2025,9
2025-09-29,18988.11,18940.72,19005.18,18934.62,0.24,2025,9
2025-09-30,18984.23,18989.47,19018.39,18962.44,-0.02,2025,9
2025-10-01,18952.96,18984.23,19002.59,18920.38,-0.16,2025,10
2025-10-02,18896.45,18952.28,18956.98,18870.11,-0.3,2025,10
2025-10-03,18909.08,18895.77,18926.71,18876.91,0.07,2025,10
2025-10-06,18909.81,18899.61,18934.82,18871.07,0.0,2025,10
2025-10-07,18900.32,18909.81,18924.84,18872.1,-0.05,2025,10
2025-10-08,18894.03,18901.0,18921.83,18858.95,-0.03,2025,10
2025-10-09,18792.13,18893.35,18960.79,18773.38,-0.54,2025,10
2025-10-10,18804.21,18792.13,18850.66,18769.56,0.06,2025,10
2025-10-13,18768.26,18812.94,18851.47,18763.58,-0.19,2025,10
2025-10-14,18764.38,18768.93,18788.0,18711.76,-0.02,2025,10
2025-10-15,18757.35,18763.71,18790.54,18732.66,-0.04,2025,10
2025-10-16,18737.78,18758.69,18790.2,18728.45,-0.1,2025,10
2025-10-17,18788.21,18737.78,18805.64,18719.99,0.27,2025,10
2025-10-20,18765.14,18785.53,18819.84,18745.78,-0.12,2025,10
2025-10-21,18786.24,18767.81,18813.07,18726.05,0.11,2025,10
2025-10-22,18827.04,18786.91,18852.63,18767.18,0.22,2025,10
2025-10-23,18818.66,18828.39,18843.91,18795.79,-0.04,2025,10
2025-10-24,18794.65,18820.67,18845.6,18735.76,-0.13,2025,10
2025-10-27,18802.04,18790.63,18838.98,18764.3,0.04,2025,10
2025-10-28,18878.54,18802.71,18896.15,18775.66,0.41,2025,10
2025-10-29,18888.33,18877.86,18964.5,18865.79,0.05,2025,10
2025-10-30,18825.97,18889.01,18907.47,18786.35,-0.33,2025,10
2025-10-31,18782.34,18825.3,18839.46,18747.55,-0.23,2025,10
2025-11-03,18719.4,18791.73,18795.52,18692.14,-0.34,2025,11
2025-11-04,18662.04,18719.4,18731.24,18654.11,-0.31,2025,11
2025-11-05,18657.2,18661.38,18679.31,18613.65,-0.03,2025,11
2025-11-06,18639.99,18659.84,18686.66,18608.36,-0.09,2025,11
2025-11-07,18727.98,18641.97,18757.36,18614.31,0.47,2025,11
2025-11-10,18758.92,18734.65,18795.04,18710.1,0.17,2025,11
2025-11-11,18770.29,18751.56,18795.09,18726.71,0.06,2025,11
2025-11-12,18817.61,18772.96,18839.81,18753.35,0.25,2025,11
2025-11-13,18777.38,18817.62,18852.66,18772.71,-0.21,2025,11
2025-11-14,18789.89,18776.72,18812.07,18752.98,0.07,2025,11
2025-11-17,18750.67,18785.87,18812.3,18741.3,-0.21,2025,11
2025-11-18,18860.49,18750.67,18884.79,18731.98,0.59,2025,11
2025-11-19,18773.0,18860.49,18867.91,18751.64,-0.46,2025,11
2025-11-20,18711.03,18773.66,18790.55,18695.12,-0.33,2025,11
2025-11-21,18688.08,18710.37,18733.72,18647.75,-0.12,2025,11
2025-11-24,18696.09,18685.44,18722.81,18658.29,0.04,2025,11
2025-11-25,18707.57,18692.12,18719.69,18661.69,0.06,2025,11
2025-11-26,18782.0,18707.57,18794.71,18695.93,0.4,2025,11
2025-11-27,18798.69,18782.01,18810.32,18765.74,0.09,2025,11
2025-11-28,18867.19,18798.02,18917.28,18751.21,0.36,2025,11
2025-12-01,18837.74,18865.84,18897.81,18820.13,-0.16,2025,12
2025-12-02,18879.75,18837.06,18885.15,18807.25,0.22,2025,12
2025-12-03,18904.34,18876.37,18921.97,18837.68,0.13,2025,12
2025-12-04,18895.62,18904.34,18941.07,18858.24,-0.05,2025,12
2025-12-05,19079.33,18894.94,19081.4,18878.97,0.97,2025,12
2025-12-08,19022.2,19062.81,19108.77,19017.39,-0.3,2025,12
2025-12-09,19044.96,19026.32,19079.4,19008.41,0.12,2025,12
2025-12-10,19109.66,19042.21,19122.84,18998.78,0.34,2025,12
2025-12-11,19118.77,19111.74,19139.62,19046.71,0.05,2025,12
2025-12-12,19100.38,19115.99,19149.33,19060.21,-0.1,2025,12
2025-12-15,19116.11,19108.02,19149.26,19077.51,0.08,2025,12
2025-12-16,19152.34,19111.94,19188.61,19082.92,0.19,2025,12
2025-12-17,19103.41,19152.34,19170.48,19079.65,-0.26,2025,12
2025-12-18,19109.33,19103.41,19138.5,19074.9,0.03,2025,12
2025-12-19,19064.96,19106.55,19135.55,19047.29,-0.23,2025,12
2025-12-22,19157.76,19072.56,19177.98,19045.57,0.49,2025,12
2025-12-23,19237.26,19157.07,19240.78,19139.26,0.41,2025,12
2025-12-24,19246.1,19234.45,19272.57,19207.03,0.05,2025,12
2025-12-25,19208.42,19250.32,19260.03,19194.47,-0.2,2025,12
2025-12-26,19229.81,19208.42,19272.81,19196.18,0.11,2025,12
2025-12-29,19198.74,19238.96,19261.63,19171.17,-0.16,2025,12
2025-12-30,19176.44,19198.04,19221.66,19155.13,-0.12,2025,12
2025-12-31,19162.81,19180.64,19226.13,19149.86,-0.07,2025,12
2026-01-01,19159.32,19162.81,19162.81,19159.32,-0.02,2026,1
2026-01-02,19157.23,19164.21,19197.78,19129.36,-0.01,2026,1
2026-01-05,19077.51,19148.87,19155.83,19016.06,-0.42,2026,1
2026-01-06,19019.54,19078.2,19118.58,19015.41,-0.3,2026,1
2026-01-07,18954.66,19021.61,19053.63,18952.61,-0.34,2026,1
2026-01-08,18949.04,18955.34,18980.99,18904.54,-0.03,2026,1
2026-01-09,18880.95,18950.41,18965.71,18870.77,-0.36,2026,1
2026-01-12,18932.16,18874.91,18953.46,18862.71,0.27,2026,1
2026-01-13,18924.13,18937.62,18973.94,18905.74,-0.04,2026,1
2026-01-14,18930.56,18926.18,18957.78,18896.8,0.03,2026,1
2026-01-15,18908.13,18929.88,18942.96,18864.87,-0.12,2026,1
2026-01-16,18881.82,18913.57,18947.82,18862.18,-0.14,2026,1
2026-01-19,18938.61,18890.65,18952.28,18871.1,0.3,2026,1
2026-01-20,18981.71,18938.61,19021.23,18911.2,0.23,2026,1
2026-01-21,18985.15,18989.26,19054.01,18960.13,0.02,2026,1
2026-01-22,19055.89,18984.46,19060.73,18965.69,0.37,2026,1
2026-01-23,19156.23,19057.28,19167.43,19003.15,0.53,2026,1
2026-01-26,19103.8,19145.09,19201.11,19085.71,-0.27,2026,1
2026-01-27,19250.86,19105.21,19275.71,19018.56,0.77,2026,1
2026-01-28,19224.11,19240.94,19273.22,19144.84,-0.14,2026,1
2026-01-29,19273.54,19226.23,19301.59,19147.92,0.26,2026,1
2026-01-30,19050.43,19271.39,19286.41,19039.23,-1.16,2026,1
2026-02-02,19019.09,19079.19,19119.21,18969.98,-0.16,2026,2
2026-02-03,19060.96,19019.08,19078.85,18988.71,0.22,2026,2
2026-02-04,19015.63,19062.35,19086.57,18985.05,-0.24,2026,2
2026-02-05,18929.37,19019.8,19036.26,18924.93,-0.45,2026,2
2026-02-06,18969.99,18928.68,19047.97,18906.99,0.21,2026,2
2026-02-09,19111.21,19004.11,19119.66,18955.45,0.74,2026,2
2026-02-10,19100.51,19111.21,19151.52,19050.7,-0.06,2026,2
2026-02-11,19150.04,19100.51,19268.12,19084.18,0.26,2026,2
2026-02-12,19074.21,19150.74,19193.04,19037.15,-0.4,2026,2
2026-02-13,19070.35,19073.52,19114.13,19025.45,-0.02,2026,2
2026-02-16,19043.08,19074.55,19092.09,19039.6,-0.14,2026,2
2026-02-17,19045.88,19044.47,19054.26,18965.21,0.01,2026,2
2026-02-18,18961.06,19045.18,19052.16,18954.13,-0.45,2026,2
2026-02-19,18982.54,18961.05,19001.29,18934.1,0.11,2026,2
2026-02-20,18981.85,18983.92,18999.2,18939.62,0.0,2026,2
2026-02-23,19070.57,18983.22,19121.59,18967.24,0.47,2026,2
2026-02-24,19121.13,19070.57,19140.85,19035.3,0.27,2026,2
2026-02-25,19087.39,19120.44,19151.42,19037.8,-0.18,2026,2
2026-02-26,19059.29,19079.71,19142.03,19014.12,-0.15,2026,2
2026-02-27,19088.28,19062.78,19117.0,19007.17,0.15,2026,2
2026-03-02,19133.46,19077.1,19229.85,19045.01,0.24,2026,3
2026-03-03,19154.15,19131.36,19201.21,19049.01,0.11,2026,3
2026-03-04,19217.24,19156.96,19245.08,19115.94,0.33,2026,3
2026-03-05,19169.32,19220.77,19270.57,19111.32,-0.25,2026,3
2026-03-06,19340.34,19166.52,19347.47,19158.51,0.89,2026,3
2026-03-09,19339.47,19292.71,19430.04,19279.77,0.0,2026,3
2026-03-10,19318.86,19338.76,19377.5,19262.46,-0.11,2026,3
2026-03-11,19310.71,19318.15,19384.09,19292.26,-0.04,2026,3
2026-03-12,19261.09,19310.71,19367.66,19258.26,-0.26,2026,3
2026-03-13,19166.81,19261.79,19301.63,19134.04,-0.49,2026,3
2026-03-16,19208.71,19176.61,19257.26,19124.13,0.22,2026,3
2026-03-17,19209.0,19208.71,19226.62,19164.13,0.0,2026,3
2026-03-18,19158.93,19209.7,19225.63,19150.56,-0.26,2026,3
2026-03-19,19135.31,19159.63,19200.2,19120.7,-0.12,2026,3
2026-03-20,19172.96,19136.01,19207.95,19126.8,0.2,2026,3
2026-03-23,19189.88,19177.88,19270.62,19144.41,0.09,2026,3
2026-03-24,19150.62,19187.79,19203.98,19118.68,-0.2,2026,3
2026-03-25,19078.99,19149.93,19169.43,19065.88,-0.37,2026,3
2026-03-26,19011.58,19078.31,19090.74,19001.3,-0.35,2026,3
2026-03-27,18954.66,19010.21,19033.55,18952.62,-0.3,2026,3
2026-03-30,18920.57,19010.76,19014.19,18890.72,-0.18,2026,3
2026-03-31,18928.54,18919.21,18942.83,18858.06,0.04,2026,3
2026-04-01,18977.45,18927.86,18986.09,18920.03,0.26,2026,4
2026-04-02,18920.9,18977.45,18989.77,18887.38,-0.3,2026,4
2026-04-03,18886.46,18919.54,18936.44,18880.37,-0.18,2026,4
2026-04-06,18932.14,18905.47,18945.08,18874.32,0.24,2026,4
2026-04-07,18963.06,18931.47,18967.15,18895.95,0.16,2026,4
2026-04-08,19016.76,18961.02,19051.87,18946.01,0.28,2026,4
2026-04-09,19052.62,19016.76,19071.26,18982.4,0.19,2026,4
2026-04-10,19026.84,19062.96,19086.87,19012.93,-0.14,2026,4
2026-04-13,19099.52,19027.54,19109.9,18975.44,0.38,2026,4
2026-04-14,19134.53,19098.81,19186.09,19090.25,0.18,2026,4
2026-04-15,19160.94,19132.44,19182.57,19088.08,0.14,2026,4
2026-04-16,19215.92,19162.34,19229.26,19157.37,0.29,2026,4
2026-04-17,19231.75,19213.82,19295.16,19205.1,0.08,2026,4
2026-04-20,19300.06,19233.87,19314.22,19205.86,0.36,2026,4
2026-04-21,19270.31,19290.88,19319.74,19249.87,-0.15,2026,4
2026-04-22,19252.86,19269.61,19303.36,19245.68,-0.09,2026,4
2026-04-23,19216.79,19254.97,19280.46,19195.07,-0.19,2026,4
2026-04-24,19284.49,19216.1,19293.66,19183.99,0.35,2026,4
2026-04-27,19343.21,19275.34,19386.61,19262.64,0.3,2026,4
2026-04-28,19254.61,19341.79,19363.82,19241.95,-0.46,2026,4
2026-04-29,19259.74,19253.2,19285.12,19221.12,0.03,2026,4
2026-04-30,19405.81,19251.3,19409.38,19249.9,0.76,2026,4
2026-05-01,19395.81,19405.81,19451.64,19387.26,-0.05,2026,5
2026-05-04,19332.46,19393.68,19409.38,19323.24,-0.33,2026,5
2026-05-05,19328.86,19332.46,19363.96,19304.02,-0.02,2026,5
2026-05-06,19309.77,19328.86,19400.89,19295.09,-0.1,2026,5
2026-05-07,19253.57,19309.05,19335.24,19241.96,-0.29,2026,5
2026-05-08,19235.91,19253.57,19301.91,19187.52,-0.09,2026,5
2026-05-11,19246.94,19245.06,19295.41,19200.99,0.06,2026,5
2026-05-12,19231.17,19246.94,19265.19,19182.84,-0.08,2026,5
2026-05-13,19223.01,19226.25,19271.16,19199.12,-0.04,2026,5
2026-05-14,19201.89,19218.8,19242.79,19171.48,-0.11,2026,5
2026-05-15,19167.97,19198.4,19210.29,19131.14,-0.18,2026,5
2026-05-18,19182.68,19172.85,19205.14,19135.48,0.08,2026,5
2026-05-19,19177.86,19182.68,19195.03,19130.39,-0.03,2026,5
2026-05-20,19185.25,19174.37,19208.3,19133.66,0.04,2026,5
2026-05-21,19129.02,19184.55,19197.82,19095.75,-0.29,2026,5
2026-05-22,19076.73,19130.4,19141.29,19069.84,-0.27,2026,5
2026-05-25,19097.87,19080.88,19119.64,19056.93,0.11,2026,5
2026-05-26,19072.59,19096.48,19111.46,19043.48,-0.13,2026,5
2026-05-27,19026.05,19076.73,19105.47,18999.37,-0.24,2026,5
2026-05-28,19100.74,19032.93,19114.61,18962.76,0.39,2026,5
2026-05-29,19072.56,19100.74,19134.9,19017.83,-0.15,2026,5
2026-06-01,19018.47,19064.96,19105.09,19002.72,-0.28,2026,6
2026-06-02,19026.38,19017.09,19066.19,18985.24,0.04,2026,6
2026-06-03,18957.33,19026.38,19058.69,18951.88,-0.36,2026,6
2026-06-04,18934.47,18959.38,18987.53,18891.84,-0.12,2026,6
2026-06-05,18896.22,18942.64,19005.74,18872.53,-0.2,2026,6
2026-06-08,18881.93,18892.16,18934.37,18852.68,-0.08,2026,6
2026-06-09,18877.94,18883.28,18934.55,18841.8,-0.02,2026,6
2026-06-10,18877.54,18877.94,18940.09,18840.48,0.0,2026,6
2026-06-11,18849.07,18877.54,18911.26,18771.79,-0.15,2026,6
2026-06-12,18806.96,18847.72,18876.28,18781.5,-0.22,2026,6
2026-06-15,18790.66,18802.97,18876.09,18772.59,-0.09,2026,6
2026-06-16,18792.43,18790.66,18822.13,18734.88,0.01,2026,6
2026-06-17,18667.12,18792.43,18831.81,18637.38,-0.67,2026,6
2026-06-18,18624.89,18670.44,18698.04,18597.71,-0.23,2026,6
2026-06-19,18594.8,18626.22,18655.15,18555.47,-0.16,2026,6
2026-06-22,18589.54,18580.4,18619.69,18522.56,-0.03,2026,6
2026-06-23,18525.04,18589.54,18615.32,18511.93,-0.35,2026,6
2026-06-24,18502.13,18525.04,18555.79,18469.82,-0.12,2026,6
2026-06-25,18533.26,18509.93,18565.29,18458.0,0.17,2026,6
2026-06-26,18528.3,18531.95,18578.0,18499.57,-0.03,2026,6
2026-06-29,18500.42,18534.19,18572.85,18479.5,-0.15,2026,6
2026-06-30,18536.91,18499.11,18561.11,18450.53,0.2,2026,6
2026-07-01,18499.98,18534.96,18559.61,18466.96,-0.2,2026,7
2026-07-02,18537.59,18499.98,18580.82,18486.71,0.2,2026,7
2026-07-03,18520.27,18538.23,18577.18,18504.63,-0.09,2026,7
2026-07-06,18514.61,18520.27,18530.33,18469.11,-0.03,2026,7
2026-07-07,18514.84,18513.96,18538.34,18480.36,0.0,2026,7
2026-07-08,18553.54,18518.76,18577.48,18501.21,0.21,2026,7
2026-07-09,18558.12,18553.54,18580.82,18527.54,0.02,2026,7
2026-07-10,18555.08,18559.43,18608.29,18530.61,-0.02,2026,7
2026-07-13,18548.21,18553.79,18594.87,18530.06,-0.04,2026,7
2026-07-14,18680.16,18548.21,18695.45,18542.32,0.71,2026,7
2026-07-15,18697.84,18680.16,18721.84,18650.02,0.09,2026,7
2026-07-16,18695.74,18703.16,18739.79,18664.6,-0.01,2026,7
2026-07-17,18753.35,18695.74,18776.11,18686.44,0.31,2026,7
2026-07-20,18688.7,18761.38,18778.79,18684.05,-0.34,2026,7
2026-07-21,18652.54,18688.04,18732.39,18646.6,-0.19,2026,7
2026-07-22,18677.95,18653.2,18701.85,18645.93,0.14,2026,7
2026-07-23,18683.4,18677.29,18730.09,18663.52,0.03,2026,7
2026-07-24,18678.26,18684.72,18715.53,18651.13,-0.03,2026,7
2026-07-27,18631.4,18688.2,18707.46,18626.13,-0.25,2026,7
2026-07-28,18668.04,18631.4,18696.53,18623.5,0.2,2026,7
2026-07-29,18738.21,18671.35,18770.95,18657.86,0.38,2026,7
2026-07-30,18757.1,18738.21,18785.25,18673.04,0.1,2026,7
2026-07-31,18759.94,18757.1,18789.24,18706.57,0.02,2026,7
2026-08-03,18714.28,18762.63,18781.38,18702.66,-0.24,2026,8
2026-08-04,18676.93,18714.94,18724.94,18651.73,-0.2,2026,8
2026-08-05,18735.32,18666.97,18745.36,18646.54,0.31,2026,8
2026-08-06,18721.9,18731.31,18754.33,18687.89,-0.07,2026,8
2026-08-07,18796.04,18721.9,18818.98,18657.99,0.4,2026,8
2026-08-10,18762.55,18778.55,18798.74,18707.83,-0.18,2026,8
2026-08-11,18770.83,18765.24,18783.64,18738.8,0.04,2026,8
2026-08-12,18689.79,18769.48,18779.6,18673.19,-0.43,2026,8
2026-08-13,18717.25,18689.79,18742.38,18649.29,0.15,2026,8
2026-08-14,18845.09,18712.55,18861.4,18693.25,0.68,2026,8
2026-08-17,18885.8,18845.1,18929.46,18800.65,0.22,2026,8
2026-08-18,18836.44,18885.8,18901.55,18816.13,-0.26,2026,8
2026-08-19,18959.7,18835.77,18967.25,18818.71,0.65,2026,8
2026-08-20,18928.89,18952.84,18976.58,18919.29,-0.16,2026,8
2026-08-21,18976.87,18927.52,19025.93,18924.85,0.25,2026,8
2026-08-24,18905.35,18906.74,18963.89,18880.36,-0.38,2026,8
2026-08-25,18869.1,18904.66,18913.97,18823.19,-0.19,2026,8
2026-08-26,18811.71,18869.78,18885.0,18788.69,-0.3,2026,8
2026-08-27,18822.77,18811.71,18827.52,18767.64,0.06,2026,8
2026-08-28,18751.13,18822.77,18867.47,18742.36,-0.38,2026,8
2026-08-31,18818.79,18746.41,18821.52,18737.65,0.36,2026,8
2026-09-01,18763.27,18818.79,18833.07,18746.4,-0.3,2026,9
2026-09-02,18832.39,18763.27,18846.68,18702.03,0.37,2026,9
2026-09-03,18901.34,18832.39,18941.84,18825.59,0.37,2026,9
2026-09-04,18828.71,18910.24,18929.56,18783.25,-0.38,2026,9
2026-09-07,18835.96,18832.12,18861.45,18807.49,0.04,2026,9
2026-09-08,18846.45,18835.96,18880.69,18795.8,0.06,2026,9
2026-09-09,18765.71,18846.45,18861.54,18743.31,-0.43,2026,9
2026-09-10,18740.38,18765.71,18816.41,18730.22,-0.13,2026,9
2026-09-11,18687.6,18740.38,18752.58,18669.43,-0.28,2026,9
